mapping_id,business_domain,source_system,source_table,source_field,target_object,target_field,data_type,criticality,mapping_complexity,transformation_rule,lineage_path,signoff_status,owner_group,google_sheet_tab
MAP-01-01,Customer Master,Legacy CRM,CRM_CUSTOMER_ACCOUNT,customer_id,CUSTOMER_DIM,customer_key,varchar,Critical,Derived,hash normalized legacy id,Legacy CRM > staging.crm_customer_account > load_ready.customer_dim > core.customer_dim,Pending business sign-off,Customer Ops,Customer STTM
MAP-01-02,Customer Master,Legacy CRM,CRM_CUSTOMER_ACCOUNT,legal_name,CUSTOMER_DIM,customer_name,number,Critical,Reference decode,"trim, title case, preserve suffix",Legacy CRM > staging.crm_customer_account > load_ready.customer_dim > core.customer_dim,Needs data owner decision,Customer Ops,Customer STTM
MAP-01-03,Customer Master,Legacy CRM,CRM_CUSTOMER_ACCOUNT,tax_id,CUSTOMER_DIM,tax_identifier,boolean,High,Currency conversion,mask where privacy flag is active,Legacy CRM > staging.crm_customer_account > load_ready.customer_dim > core.customer_dim,Needs data owner decision,Customer Ops,Customer STTM
MAP-01-04,Customer Master,Legacy CRM,CRM_CUSTOMER_ACCOUNT,customer_status_cd,CUSTOMER_DIM,customer_status,varchar,High,Direct,decode status reference table,Legacy CRM > staging.crm_customer_account > load_ready.customer_dim > core.customer_dim,Approved,Customer Ops,Customer STTM
MAP-01-05,Customer Master,Legacy CRM,CRM_CUSTOMER_ACCOUNT,primary_email,CUSTOMER_DIM,email_address,number,Critical,Lookup,lowercase and validate pattern,Legacy CRM > staging.crm_customer_account > load_ready.customer_dim > core.customer_dim,Approved,Customer Ops,Customer STTM
MAP-01-06,Customer Master,Legacy CRM,CRM_CUSTOMER_ACCOUNT,billing_state,CUSTOMER_DIM,billing_state_code,number,Medium,Derived,standardize to USPS two character code,Legacy CRM > staging.crm_customer_account > load_ready.customer_dim > core.customer_dim,Approved,Customer Ops,Customer STTM
MAP-01-07,Customer Master,Legacy CRM,CRM_CUSTOMER_ACCOUNT,created_ts,CUSTOMER_DIM,source_created_at,timestamp,Medium,Reference decode,convert local timestamp to UTC,Legacy CRM > staging.crm_customer_account > load_ready.customer_dim > core.customer_dim,Pending business sign-off,Customer Ops,Customer STTM
MAP-01-08,Customer Master,Legacy CRM,CRM_CUSTOMER_ACCOUNT,updated_ts,CUSTOMER_DIM,source_updated_at,varchar,High,Currency conversion,convert local timestamp to UTC,Legacy CRM > staging.crm_customer_account > load_ready.customer_dim > core.customer_dim,Pending business sign-off,Customer Ops,Customer STTM
MAP-02-01,Vendor Master,Procurement ERP,AP_VENDOR_PROFILE,vendor_num,VENDOR_DIM,vendor_key,number,Critical,Reference decode,left pad numeric key to 10 characters,Procurement ERP > staging.ap_vendor_profile > load_ready.vendor_dim > core.vendor_dim,Needs data owner decision,Procurement,Vendor STTM
MAP-02-02,Vendor Master,Procurement ERP,AP_VENDOR_PROFILE,vendor_name,VENDOR_DIM,vendor_name,date,Critical,Currency conversion,trim repeated spaces,Procurement ERP > staging.ap_vendor_profile > load_ready.vendor_dim > core.vendor_dim,Pending business sign-off,Procurement,Vendor STTM
MAP-02-03,Vendor Master,Procurement ERP,AP_VENDOR_PROFILE,payment_terms,VENDOR_DIM,payment_terms_code,date,High,Direct,map terms to target reference values,Procurement ERP > staging.ap_vendor_profile > load_ready.vendor_dim > core.vendor_dim,Approved,Procurement,Vendor STTM
MAP-02-04,Vendor Master,Procurement ERP,AP_VENDOR_PROFILE,active_flag,VENDOR_DIM,is_active,date,High,Lookup,convert Y or N to boolean,Procurement ERP > staging.ap_vendor_profile > load_ready.vendor_dim > core.vendor_dim,Approved,Procurement,Vendor STTM
MAP-02-05,Vendor Master,Procurement ERP,AP_VENDOR_PROFILE,remit_zip,VENDOR_DIM,remit_postal_code,boolean,Critical,Derived,standardize postal code,Procurement ERP > staging.ap_vendor_profile > load_ready.vendor_dim > core.vendor_dim,Needs data owner decision,Procurement,Vendor STTM
MAP-02-06,Vendor Master,Procurement ERP,AP_VENDOR_PROFILE,bank_country,VENDOR_DIM,bank_country_code,timestamp,High,Reference decode,map country name to ISO code,Procurement ERP > staging.ap_vendor_profile > load_ready.vendor_dim > core.vendor_dim,Approved,Procurement,Vendor STTM
MAP-02-07,Vendor Master,Procurement ERP,AP_VENDOR_PROFILE,last_invoice_dt,VENDOR_DIM,last_invoice_date,timestamp,Medium,Currency conversion,cast to date,Procurement ERP > staging.ap_vendor_profile > load_ready.vendor_dim > core.vendor_dim,Blocked by source defect,Procurement,Vendor STTM
MAP-02-08,Vendor Master,Procurement ERP,AP_VENDOR_PROFILE,tax_form_type,VENDOR_DIM,tax_form_type,boolean,High,Direct,default missing values to unknown,Procurement ERP > staging.ap_vendor_profile > load_ready.vendor_dim > core.vendor_dim,Approved,Procurement,Vendor STTM
MAP-03-01,Contracts,Contract Repository,CNTRCT_HEADER,contract_id,CONTRACT_FACT,contract_key,date,Critical,Currency conversion,hash source contract id,Contract Repository > staging.cntrct_header > load_ready.contract_fact > core.contract_fact,Needs data owner decision,Legal Ops,Contract STTM
MAP-03-02,Contracts,Contract Repository,CNTRCT_HEADER,customer_id,CONTRACT_FACT,customer_key,varchar,Critical,Direct,lookup customer dimension key,Contract Repository > staging.cntrct_header > load_ready.contract_fact > core.contract_fact,Pending business sign-off,Legal Ops,Contract STTM
MAP-03-03,Contracts,Contract Repository,CNTRCT_HEADER,effective_dt,CONTRACT_FACT,effective_date,date,High,Lookup,cast to date,Contract Repository > staging.cntrct_header > load_ready.contract_fact > core.contract_fact,Approved,Legal Ops,Contract STTM
MAP-03-04,Contracts,Contract Repository,CNTRCT_HEADER,expiration_dt,CONTRACT_FACT,expiration_date,varchar,Medium,Derived,cast to date,Contract Repository > staging.cntrct_header > load_ready.contract_fact > core.contract_fact,Needs data owner decision,Legal Ops,Contract STTM
MAP-03-05,Contracts,Contract Repository,CNTRCT_HEADER,contract_value,CONTRACT_FACT,contract_value_usd,timestamp,Critical,Reference decode,convert currency using close rate,Contract Repository > staging.cntrct_header > load_ready.contract_fact > core.contract_fact,Approved,Legal Ops,Contract STTM
MAP-03-06,Contracts,Contract Repository,CNTRCT_HEADER,renewal_notice_days,CONTRACT_FACT,renewal_notice_days,date,Medium,Currency conversion,coalesce null to 0,Contract Repository > staging.cntrct_header > load_ready.contract_fact > core.contract_fact,Approved,Legal Ops,Contract STTM
MAP-03-07,Contracts,Contract Repository,CNTRCT_HEADER,contract_type_cd,CONTRACT_FACT,contract_type,varchar,High,Direct,decode contract type reference table,Contract Repository > staging.cntrct_header > load_ready.contract_fact > core.contract_fact,Pending business sign-off,Legal Ops,Contract STTM
MAP-03-08,Contracts,Contract Repository,CNTRCT_HEADER,signed_flag,CONTRACT_FACT,is_signed,number,Medium,Lookup,convert Y or N to boolean,Contract Repository > staging.cntrct_header > load_ready.contract_fact > core.contract_fact,Approved,Legal Ops,Contract STTM
MAP-04-01,Payments,Billing Platform,PAYMENT_TXN,payment_id,PAYMENT_FACT,payment_key,timestamp,Critical,Direct,hash payment id and source system,Billing Platform > staging.payment_txn > load_ready.payment_fact > core.payment_fact,Approved,Finance,Payment STTM
MAP-04-02,Payments,Billing Platform,PAYMENT_TXN,invoice_id,PAYMENT_FACT,invoice_key,boolean,Critical,Lookup,lookup target invoice key,Billing Platform > staging.payment_txn > load_ready.payment_fact > core.payment_fact,Approved,Finance,Payment STTM
MAP-04-03,Payments,Billing Platform,PAYMENT_TXN,customer_id,PAYMENT_FACT,customer_key,varchar,High,Derived,lookup customer dimension key,Billing Platform > staging.payment_txn > load_ready.payment_fact > core.payment_fact,Approved,Finance,Payment STTM
MAP-04-04,Payments,Billing Platform,PAYMENT_TXN,payment_amt,PAYMENT_FACT,payment_amount_usd,date,High,Reference decode,convert currency using transaction rate,Billing Platform > staging.payment_txn > load_ready.payment_fact > core.payment_fact,Approved,Finance,Payment STTM
MAP-04-05,Payments,Billing Platform,PAYMENT_TXN,payment_dt,PAYMENT_FACT,payment_date,varchar,Critical,Currency conversion,cast to date,Billing Platform > staging.payment_txn > load_ready.payment_fact > core.payment_fact,Approved,Finance,Payment STTM
MAP-04-06,Payments,Billing Platform,PAYMENT_TXN,payment_method,PAYMENT_FACT,payment_method,date,High,Direct,"standardize card, ACH, wire, check",Billing Platform > staging.payment_txn > load_ready.payment_fact > core.payment_fact,Blocked by source defect,Finance,Payment STTM
MAP-04-07,Payments,Billing Platform,PAYMENT_TXN,reversal_flag,PAYMENT_FACT,is_reversal,timestamp,High,Lookup,convert Y or N to boolean,Billing Platform > staging.payment_txn > load_ready.payment_fact > core.payment_fact,Pending business sign-off,Finance,Payment STTM
MAP-04-08,Payments,Billing Platform,PAYMENT_TXN,batch_id,PAYMENT_FACT,source_batch_id,boolean,High,Derived,preserve source batch identifier,Billing Platform > staging.payment_txn > load_ready.payment_fact > core.payment_fact,Approved,Finance,Payment STTM
MAP-05-01,Work Orders,Field Service,WO_HEADER,work_order_id,WORK_ORDER_FACT,work_order_key,boolean,Critical,Lookup,hash work order id,Field Service > staging.wo_header > load_ready.work_order_fact > core.work_order_fact,Pending business sign-off,Operations,Work Order STTM
MAP-05-02,Work Orders,Field Service,WO_HEADER,customer_id,WORK_ORDER_FACT,customer_key,boolean,Critical,Derived,lookup customer dimension key,Field Service > staging.wo_header > load_ready.work_order_fact > core.work_order_fact,Approved,Operations,Work Order STTM
MAP-05-03,Work Orders,Field Service,WO_HEADER,asset_id,WORK_ORDER_FACT,asset_key,number,Medium,Reference decode,lookup active asset key,Field Service > staging.wo_header > load_ready.work_order_fact > core.work_order_fact,Approved,Operations,Work Order STTM
MAP-05-04,Work Orders,Field Service,WO_HEADER,opened_ts,WORK_ORDER_FACT,opened_at,varchar,Medium,Currency conversion,convert local timestamp to UTC,Field Service > staging.wo_header > load_ready.work_order_fact > core.work_order_fact,Approved,Operations,Work Order STTM
MAP-05-05,Work Orders,Field Service,WO_HEADER,closed_ts,WORK_ORDER_FACT,closed_at,number,Critical,Direct,convert local timestamp to UTC,Field Service > staging.wo_header > load_ready.work_order_fact > core.work_order_fact,Needs data owner decision,Operations,Work Order STTM
MAP-05-06,Work Orders,Field Service,WO_HEADER,priority_cd,WORK_ORDER_FACT,priority,timestamp,Medium,Lookup,decode priority reference table,Field Service > staging.wo_header > load_ready.work_order_fact > core.work_order_fact,Needs data owner decision,Operations,Work Order STTM
MAP-05-07,Work Orders,Field Service,WO_HEADER,labor_hours,WORK_ORDER_FACT,labor_hours,boolean,Medium,Derived,cast decimal with two places,Field Service > staging.wo_header > load_ready.work_order_fact > core.work_order_fact,Approved,Operations,Work Order STTM
MAP-05-08,Work Orders,Field Service,WO_HEADER,resolution_cd,WORK_ORDER_FACT,resolution_code,boolean,Medium,Reference decode,default missing close codes to unresolved,Field Service > staging.wo_header > load_ready.work_order_fact > core.work_order_fact,Pending business sign-off,Operations,Work Order STTM
MAP-06-01,Asset Register,Asset ERP,ASSET_MASTER,asset_id,ASSET_DIM,asset_key,varchar,Critical,Derived,hash asset id,Asset ERP > staging.asset_master > load_ready.asset_dim > core.asset_dim,Needs data owner decision,Asset Accounting,Asset STTM
MAP-06-02,Asset Register,Asset ERP,ASSET_MASTER,serial_num,ASSET_DIM,serial_number,varchar,Critical,Reference decode,trim and uppercase,Asset ERP > staging.asset_master > load_ready.asset_dim > core.asset_dim,Pending business sign-off,Asset Accounting,Asset STTM
MAP-06-03,Asset Register,Asset ERP,ASSET_MASTER,install_dt,ASSET_DIM,install_date,date,Medium,Currency conversion,cast to date,Asset ERP > staging.asset_master > load_ready.asset_dim > core.asset_dim,Pending business sign-off,Asset Accounting,Asset STTM
MAP-06-04,Asset Register,Asset ERP,ASSET_MASTER,retire_dt,ASSET_DIM,retirement_date,date,Medium,Direct,cast to date when populated,Asset ERP > staging.asset_master > load_ready.asset_dim > core.asset_dim,Approved,Asset Accounting,Asset STTM
MAP-06-05,Asset Register,Asset ERP,ASSET_MASTER,book_value,ASSET_DIM,book_value_usd,timestamp,Critical,Lookup,convert currency using close rate,Asset ERP > staging.asset_master > load_ready.asset_dim > core.asset_dim,Approved,Asset Accounting,Asset STTM
MAP-06-06,Asset Register,Asset ERP,ASSET_MASTER,asset_class,ASSET_DIM,asset_class,date,High,Derived,map to target reference values,Asset ERP > staging.asset_master > load_ready.asset_dim > core.asset_dim,Needs data owner decision,Asset Accounting,Asset STTM
MAP-06-07,Asset Register,Asset ERP,ASSET_MASTER,location_id,ASSET_DIM,location_key,boolean,Medium,Reference decode,lookup target location key,Asset ERP > staging.asset_master > load_ready.asset_dim > core.asset_dim,Needs data owner decision,Asset Accounting,Asset STTM
MAP-06-08,Asset Register,Asset ERP,ASSET_MASTER,depr_method,ASSET_DIM,depreciation_method,date,Medium,Currency conversion,standardize depreciation method code,Asset ERP > staging.asset_master > load_ready.asset_dim > core.asset_dim,Needs data owner decision,Asset Accounting,Asset STTM
